timepoint,n,mean,median,std,pct_ge80,pct_ge90,pct_lt70
Grade 11,76,78.40789473684211,80.0,7.744550998956531,55.26315789473685,11.842105263157894,7.894736842105263
Grade 12,76,78.94736842105263,80.0,7.362779795416233,56.57894736842105,13.157894736842104,5.263157894736842
